[
   {
      "model":"labs.labtype",
      "pk":1,
      "fields":{
         "name":"BMP",
         "order_index":1
      }
   },
   {
      "model":"labs.labtype",
      "pk":2,
      "fields":{
         "name":"FLP",
         "order_index":2
      }
   },
   {
      "model":"labs.labtype",
      "pk":3,
      "fields":{
         "name":"A1c",
         "order_index":3
      }
   },
   {
      "model":"labs.labtype",
      "pk":4,
      "fields":{
         "name":"HIV",
         "order_index":4
      }
   },
   {
      "model":"labs.labtype",
      "pk":5,
      "fields":{
         "name":"POC Glucose",
         "order_index":5
      }
   },
   {
      "model":"labs.labtype",
      "pk":6,
      "fields":{
         "name":"Urinalysis",
         "order_index":6
      }
   },



   {
      "model":"labs.continuousmeasurementtype",
      "pk":"Sodium",
      "fields":{
         "short_name":"Na+",
         "unit":"mmol/L",
         "panic_upper":"145",
         "panic_lower":"135",
         "lab_type":1,
         "order_index":1
      }
   },
   {
      "model":"labs.continuousmeasurementtype",
      "pk":"Potassium",
      "fields":{
         "short_name":"K+",
         "unit":"mmol/L",
         "panic_upper":"5.0",
         "panic_lower":"3.5",
         "lab_type":1,
         "order_index":2
      }
   },
   {
      "model":"labs.continuousmeasurementtype",
      "pk":"Chloride",
      "fields":{
         "short_name":"Cl-",
         "unit":"mmol/L",
         "panic_upper":"107",
         "panic_lower":"98",
         "lab_type":1,
         "order_index":3
      }
   },
   {
      "model":"labs.continuousmeasurementtype",
      "pk":"Bicarbonate",
      "fields":{
         "short_name":"HCO3",
         "unit":"mmol/L",
         "panic_upper":"28",
         "panic_lower":"22",
         "lab_type":1,
         "order_index":4
      }
   },
   {
      "model":"labs.continuousmeasurementtype",
      "pk":"Anion Gap",
      "fields":{
         "short_name":"Anion Gap",
         "unit":null,
         "panic_upper":null,
         "panic_lower":null,
         "lab_type":1,
         "order_index":5
      }
   },
   {
      "model":"labs.continuousmeasurementtype",
      "pk":"Calcium",
      "fields":{
         "short_name":"Ca2+",
         "unit":null,
         "panic_upper":null,
         "panic_lower":null,
         "lab_type":1,
         "order_index":6
      }
   },
   {
      "model":"labs.continuousmeasurementtype",
      "pk":"BMP Glucose",
      "fields":{
         "short_name":"Glucose",
         "unit":null,
         "panic_upper":null,
         "panic_lower":null,
         "lab_type":1,
         "order_index":7
      }
   },
   {
      "model":"labs.continuousmeasurementtype",
      "pk":"Blood Urea Nitrogen",
      "fields":{
         "short_name":"BUN",
         "unit":null,
         "panic_upper":null,
         "panic_lower":null,
         "lab_type":1,
         "order_index":8
      }
   },
   {
      "model":"labs.continuousmeasurementtype",
      "pk":"Creatinine",
      "fields":{
         "short_name":"Cr",
         "unit":null,
         "panic_upper":null,
         "panic_lower":null,
         "lab_type":1,
         "order_index":9
      }
   },
   {
      "model":"labs.continuousmeasurementtype",
      "pk":"Hematocrit",
      "fields":{
         "short_name":"HCT",
         "unit":null,
         "panic_upper":null,
         "panic_lower":null,
         "lab_type":1,
         "order_index":10
      }
   },
   {
      "model":"labs.continuousmeasurementtype",
      "pk":"Hemoglobin",
      "fields":{
         "short_name":"Hb",
         "unit":null,
         "panic_upper":null,
         "panic_lower":null,
         "lab_type":1,
         "order_index":11
      }
   },
   {
      "model":"labs.continuousmeasurementtype",
      "pk":"HDL",
      "fields":{
         "short_name":"HDL",
         "unit":null,
         "panic_upper":null,
         "panic_lower":null,
         "lab_type":2,
         "order_index":1
      }
   },
   {
      "model":"labs.continuousmeasurementtype",
      "pk":"LDL",
      "fields":{
         "short_name":"LDL",
         "unit":null,
         "panic_upper":null,
         "panic_lower":null,
         "lab_type":2,
         "order_index":2
      }
   },
   {
      "model":"labs.continuousmeasurementtype",
      "pk":"TG",
      "fields":{
         "short_name":"TG",
         "unit":null,
         "panic_upper":null,
         "panic_lower":null,
         "lab_type":2,
         "order_index":3
      }
   },
   {
      "model":"labs.continuousmeasurementtype",
      "pk":"Total cholesterol",
      "fields":{
         "short_name":"TC",
         "unit":null,
         "panic_upper":null,
         "panic_lower":null,
         "lab_type":2,
         "order_index":4
      }
   },
   {
      "model":"labs.continuousmeasurementtype",
      "pk":"TC/HDL ratio",
      "fields":{
         "short_name":"TC/HDL ratio",
         "unit":null,
         "panic_upper":null,
         "panic_lower":null,
         "lab_type":2,
         "order_index":5
      }
   },
   {
      "model":"labs.continuousmeasurementtype",
      "pk":"FLP Glucose",
      "fields":{
         "short_name":"Glucose",
         "unit":null,
         "panic_upper":null,
         "panic_lower":null,
         "lab_type":2,
         "order_index":6
      }
   },
   {
      "model":"labs.continuousmeasurementtype",
      "pk":"A1c",
      "fields":{
         "short_name":"A1c",
         "unit":"%",
         "panic_upper":"5.7",
         "panic_lower":"0.0",
         "lab_type":3,
         "order_index":1
      }
   },
   {
      "model":"labs.discretemeasurementtype",
      "pk":"HIV Test",
      "fields":{
         "short_name":"HIV",
         "lab_type":4,
         "order_index":1
      }
   },
   {
      "model":"labs.continuousmeasurementtype",
      "pk":"POC Glucose",
      "fields":{
         "short_name":"POC Glucose",
         "unit":null,
         "panic_upper":null,
         "panic_lower":null,
         "lab_type":5,
         "order_index":1
      }
   },
   {
      "model":"labs.discretemeasurementtype",
      "pk":"Leukocytes",
      "fields":{
         "short_name":"Leukocytes",
         "lab_type":6,
         "order_index":1
      }
   },
   {
      "model":"labs.discretemeasurementtype",
      "pk":"Nitrite",
      "fields":{
         "short_name":"Nitrite",
         "lab_type":6,
         "order_index":2
      }
   },
   {
      "model":"labs.continuousmeasurementtype",
      "pk":"Urobilinogen",
      "fields":{
         "short_name":"Urobilinogen",
         "lab_type":6,
         "order_index":3
      }
   },
   {
      "model":"labs.discretemeasurementtype",
      "pk":"Protein",
      "fields":{
         "short_name":"Protein",
         "lab_type":6,
         "order_index":4
      }
   },
   {
      "model":"labs.continuousmeasurementtype",
      "pk":"pH",
      "fields":{
         "short_name":"pH",
         "unit":null,
         "panic_upper":null,
         "panic_lower":null,
         "lab_type":6,
         "order_index":5
      }
   },
   {
      "model":"labs.discretemeasurementtype",
      "pk":"Blood",
      "fields":{
         "short_name":"Blood",
         "lab_type":6,
         "order_index":6
      }
   },
   {
      "model":"labs.continuousmeasurementtype",
      "pk":"Specific Gravity",
      "fields":{
         "short_name":"Specific Gravity",
         "unit":null,
         "panic_upper":null,
         "panic_lower":null,
         "lab_type":6,
         "order_index":7
      }
   },
   {
      "model":"labs.discretemeasurementtype",
      "pk":"Ketone",
      "fields":{
         "short_name":"Ketone",
         "lab_type":6,
         "order_index":8
      }
   },
   {
      "model":"labs.discretemeasurementtype",
      "pk":"Bilirubin",
      "fields":{
         "short_name":"Bilirubin",
         "lab_type":6,
         "order_index":9
      }
   },
   {
      "model":"labs.continuousmeasurementtype",
      "pk":"UA Glucose",
      "fields":{
         "short_name":"Glucose",
         "unit":null,
         "panic_upper":"0",
         "panic_lower":"0",
         "lab_type":6,
         "order_index":10
      }
   },
   {
      "model":"labs.discreteresulttype",
      "pk":"Negative",
      "fields":{
         "is_panic":"F",
         "measurement_type":[
            "HIV Test",
            "Leukocytes",
            "Nitrite",
            "Protein",
            "Blood",
            "Ketone",
            "Bilirubin"
         ]
      }
   },
   {
      "model":"labs.discreteresulttype",
      "pk":"Positive",
      "fields":{
         "is_panic":"T",
         "measurement_type":[
            "HIV Test",
            "Nitrite"
         ]
      }
   },
   {
      "model":"labs.discreteresulttype",
      "pk":"Trace",
      "fields":{
         "is_panic":"T",
         "measurement_type":[
            "Leukocytes",
            "Protein",
            "Blood",
            "Ketone"
         ]
      }
   },
   {
      "model":"labs.discreteresulttype",
      "pk":"Small+",
      "fields":{
         "is_panic":"T",
         "measurement_type":[
            "Leukocytes",
            "Blood",
            "Ketone",
            "Bilirubin"
         ]
      }
   },
   {
      "model":"labs.discreteresulttype",
      "pk":"Moderate++",
      "fields":{
         "is_panic":"T",
         "measurement_type":[
            "Leukocytes",
            "Blood",
            "Ketone",
            "Bilirubin"
         ]
      }
   },
   {
      "model":"labs.discreteresulttype",
      "pk":"Large+++",
      "fields":{
         "is_panic":"T",
         "measurement_type":[
            "Leukocytes",
            "Blood",
            "Ketone",
            "Bilirubin"
         ]
      }
   },
   {
      "model":"labs.discreteresulttype",
      "pk":"30+",
      "fields":{
         "is_panic":"T",
         "measurement_type":[
            "Protein"
         ]
      }
   },
   {
      "model":"labs.discreteresulttype",
      "pk":"100++",
      "fields":{
         "is_panic":"T",
         "measurement_type":[
            "Protein"
         ]
      }
   },
   {
      "model":"labs.discreteresulttype",
      "pk":"300+++",
      "fields":{
         "is_panic":"T",
         "measurement_type":[
            "Protein"
         ]
      }
   },
   {
      "model":"labs.discreteresulttype",
      "pk":"2000 or more ++++",
      "fields":{
         "is_panic":"T",
         "measurement_type":[
            "Protein"
         ]
      }
   }
]